{"cameraMode":{"drawMode":0,"name":"Shaded","section":"Shading Mode"},"sceneLighting":true,"audioPlay":false,"sceneViewState":{"showFog":true,"showMaterialUpdate":false,"showSkybox":true,"showFlares":true,"showImageEffects":true,"showParticleSystems":true},"in2DMode":false,"pivot":{"x":-10.656941413879395,"y":-6.491616249084473,"z":19.995018005371095},"rotation":{"x":-0.1681516319513321,"y":0.20593145489692689,"z":-0.035946324467659,"w":-0.9633435010910034},"size":34.4409065246582,"orthographic":false}